USER_NAME,AGE,HEIGHT,GENDER,SALE_AMOUNT,LAST_PURCHASE_DATE
Pen MacLeese,15,MacLeese,Male,$206661.36,2020-07-08T23:46:31Z
Nana Baugham,94,Baugham,Female,$355274.61,2020-07-13T05:43:35Z
Dore Chance,52,Chance,Male,$46271.35,2020-08-12T20:44:17Z
Bambie Hackleton,61,Hackleton,Female,$56024.30,2020-03-01T07:45:22Z
Elizabet Borthwick,38,Borthwick,Female,$241215.62,2020-06-19T01:46:08Z
Cassandra Zelake,6,Zelake,Female,$303836.95,2020-02-11T10:53:35Z
Baudoin Paoloni,38,Paoloni,Male,$148817.13,2020-02-22T15:43:36Z
Camey Wilber,32,Wilber,Male,$148937.12,2020-08-03T16:44:46Z
Jacky Tittershill,32,Tittershill,Female,$89143.39,2020-12-10T21:34:17Z
Oneida Benoit,60,Benoit,Female,$363175.57,2020-08-15T09:03:31Z
Desdemona Thieme,14,Thieme,Female,$266659.22,2020-04-25T20:49:49Z
Glenna Albinson,91,Albinson,Female,$136861.60,2020-02-13T04:09:30Z
Jedediah Lannen,74,Lannen,Male,$179117.85,2020-04-27T08:06:06Z
Hollis Dorrity,62,Dorrity,Male,$289383.72,2020-02-17T09:48:06Z
Carleton Renoden,94,Renoden,Male,$396640.56,2020-09-20T18:12:30Z
Dawn Blaydes,59,Blaydes,Female,$489153.09,2020-02-11T04:55:22Z
Sandra Genery,59,Genery,Female,$144977.25,2020-08-19T16:52:25Z
Lanni De Gregoli,86,De Gregoli,Female,$241712.65,2020-10-18T06:09:42Z
Courtnay Tynan,4,Tynan,Male,$193028.76,2020-12-20T07:39:04Z
Agustin Kerfut,92,Kerfut,Male,$210650.41,2020-02-26T19:06:58Z
Penni Quickfall,61,Quickfall,Female,$288266.36,2020-07-15T08:01:48Z
Cathlene Aylin,85,Aylin,Female,$204271.03,2020-06-20T02:32:33Z
Taddeo Abry,58,Abry,Male,$184772.37,2020-06-02T01:07:30Z
Polly Woolford,56,Woolford,Female,$135537.20,2020-04-13T09:28:30Z
Ulrica Severwright,61,Severwright,Female,$57115.73,2020-08-31T18:42:17Z
Meredith Kingswood,58,Kingswood,Female,$66870.99,2020-07-11T15:26:51Z
Shellysheldon Ekless,2,Ekless,Male,$104004.93,2020-09-29T22:24:17Z
Zulema Van Velden,39,Van Velden,Female,$44725.66,2020-03-10T02:28:21Z
Euell Crannis,67,Crannis,Male,$353947.68,2020-10-27T04:11:05Z
Vincent Coulston,87,Coulston,Male,$381321.10,2020-02-21T19:42:05Z
Eleonora Verzey,32,Verzey,Female,$297846.53,2020-11-04T16:58:29Z
Matthias Pedwell,59,Pedwell,Male,$50590.05,2020-11-17T11:00:24Z
Stefano Bilbery,26,Bilbery,Male,$422656.09,2020-06-29T15:34:40Z
Caprice Layhe,100,Layhe,Female,$476082.85,2020-10-29T05:07:57Z
Thaddus Ledeker,52,Ledeker,Male,$434434.71,2020-12-26T05:12:47Z
Moselle Hillitt,15,Hillitt,Female,$245082.41,2020-04-02T00:52:49Z
Torrance Jaqueme,96,Jaqueme,Male,$471774.95,2020-10-09T20:24:03Z
Brigit Kulver,9,Kulver,Female,$218689.88,2020-05-29T22:16:19Z
Amargo Vogelein,26,Vogelein,Female,$217340.74,2020-10-09T17:27:17Z
Franky Glisenan,81,Glisenan,Female,$112420.68,2020-04-30T13:46:37Z
Helaina Iannuzzelli,68,Iannuzzelli,Female,$55692.57,2020-12-14T02:40:04Z
Sidney Dumini,6,Dumini,Male,$480472.65,2020-09-03T05:43:28Z
Clement Desforges,11,Desforges,Male,$479164.30,2020-08-16T05:17:22Z
Linc Loftie,22,Loftie,Male,$318016.70,2020-09-19T16:42:53Z
Rufe Hurdman,77,Hurdman,Male,$10388.49,2020-01-27T21:36:39Z
Chip Serck,48,Serck,Male,$467808.36,2020-12-12T20:11:34Z
Tanya Formilli,22,Formilli,Female,$25569.88,2020-12-12T20:27:09Z
Far McVeagh,98,McVeagh,Male,$327511.89,2020-08-23T12:55:03Z
Klara Couve,71,Couve,Female,$381724.53,2020-07-16T09:43:23Z
Karoly Dockwray,100,Dockwray,Male,$350605.28,2020-08-02T01:12:27Z
Gallard Goundry,75,Goundry,Male,$408676.39,2020-05-21T13:54:04Z
Lu Giabucci,66,Giabucci,Female,$27867.93,2020-10-10T07:03:01Z
Jed Pim,60,Pim,Male,$200493.53,2020-09-01T21:49:15Z
Allen Selbach,53,Selbach,Male,$77225.96,2020-01-15T21:33:01Z
Ailis Coalburn,6,Coalburn,Female,$249442.01,2020-12-08T13:56:17Z
Sutton Booy,15,Booy,Male,$357792.44,2020-06-23T13:49:36Z
Carrissa Bemwell,5,Bemwell,Female,$76042.96,2020-03-27T06:50:19Z
Tammie Lewer,30,Lewer,Female,$321139.10,2020-10-30T23:17:37Z
Brook Le Blanc,28,Le Blanc,Male,$51316.22,2020-01-20T21:11:28Z
Laughton Chasier,74,Chasier,Male,$317977.22,2020-04-09T08:34:40Z
Moses Dinjes,94,Dinjes,Male,$438547.24,2020-11-27T05:16:56Z
Vivyan Oxtarby,19,Oxtarby,Female,$80376.33,2020-06-28T09:04:15Z
Raimondo Kennermann,70,Kennermann,Male,$254993.70,2020-05-27T13:57:45Z
Roddie Amsberger,55,Amsberger,Male,$24361.56,2020-11-30T14:09:50Z
Alverta Del Checolo,97,Del Checolo,Female,$13767.23,2020-09-23T05:50:36Z
Eada Sailer,58,Sailer,Female,$186287.68,2020-04-22T11:58:44Z
Alejoa D'Aubney,75,D'Aubney,Male,$242702.79,2020-11-22T02:40:12Z
Jerald Heppenspall,15,Heppenspall,Male,$178353.55,2020-03-17T10:36:27Z
Cinnamon Crilley,66,Crilley,Female,$333899.93,2020-06-11T01:58:41Z
Rafferty Borton,7,Borton,Male,$59773.74,2020-03-28T08:39:32Z
Edgar Beeres,22,Beeres,Male,$292401.34,2020-04-03T04:03:58Z
Alleyn Joskowicz,44,Joskowicz,Male,$120896.96,2020-06-29T19:49:40Z
Raye Inkles,54,Inkles,Female,$323066.85,2020-08-16T23:17:48Z
Karalynn Bernolet,7,Bernolet,Female,$238626.17,2020-05-13T17:59:54Z
Aubrey Hayth,48,Hayth,Female,$456693.54,2020-07-21T17:45:31Z
Reed Foreman,26,Foreman,Male,$310817.60,2020-10-08T03:33:33Z
Ricky Meneely,74,Meneely,Male,$356202.47,2020-08-05T15:43:53Z
Rheta Slyvester,64,Slyvester,Female,$77619.29,2020-09-30T20:03:28Z
Norbert Roads,25,Roads,Male,$65397.99,2020-07-10T10:05:29Z
Ruthanne enzley,50,enzley,Female,$409920.41,2020-11-22T00:24:56Z
Clementine Adriani,47,Adriani,Female,$160606.65,2020-06-11T11:21:50Z
Lambert Sanderson,23,Sanderson,Male,$203087.68,2020-01-20T18:52:49Z
Jameson Lofting,39,Lofting,Male,$338473.96,2020-02-27T03:29:02Z
Wilhelmine Heineke,65,Heineke,Female,$64012.51,2020-10-28T21:49:39Z
Moss Pitfield,82,Pitfield,Male,$190018.90,2020-05-26T01:28:17Z
Shermie Libri,14,Libri,Male,$185345.08,2020-10-05T11:13:28Z
Kliment Gorton,89,Gorton,Male,$170025.68,2020-06-19T09:41:10Z
Roy Plane,50,Plane,Male,$418687.40,2020-12-06T16:22:14Z
Maximilien Saunderson,39,Saunderson,Male,$249209.86,2020-10-31T05:39:55Z
Almire Williamson,51,Williamson,Female,$470262.22,2020-10-10T11:38:16Z
Kipp Kellogg,59,Kellogg,Male,$236269.93,2020-06-21T10:03:48Z
Violante Iskov,56,Iskov,Female,$34549.20,2020-11-14T14:02:11Z
Libbie Buttery,88,Buttery,Female,$356760.48,2020-12-31T05:13:09Z
Christalle Bourley,64,Bourley,Female,$467444.65,2020-12-07T11:53:00Z
Hube Schult,94,Schult,Male,$458134.41,2020-02-25T02:41:02Z
Ivar Whopples,72,Whopples,Male,$275645.03,2020-06-10T09:49:12Z
Meredith Pirson,25,Pirson,Female,$53164.62,2020-03-26T08:45:41Z
Carr Fritschmann,95,Fritschmann,Male,$2971.54,2020-08-30T10:12:14Z
Margit Esley,100,Esley,Female,$86773.49,2020-03-24T15:47:54Z
Garey Glenton,11,Glenton,Male,$134520.29,2020-04-03T21:29:17Z
Wallie Blackaby,100,Blackaby,Female,$41596.09,2020-10-04T01:28:08Z
Tanney Bloss,29,Bloss,Male,$49029.93,2020-12-31T12:57:56Z
Saree Jorio,53,Jorio,Female,$170664.83,2020-10-26T07:05:33Z
Jandy Butterworth,80,Butterworth,Female,$394589.91,2020-04-02T02:40:37Z
Eugenio Oakshott,86,Oakshott,Male,$1542.67,2020-10-08T00:02:45Z
Lela Furzer,72,Furzer,Female,$311991.65,2020-07-30T15:48:39Z
Sebastien Leftley,17,Leftley,Male,$276674.35,2020-08-10T18:40:18Z
Sada Demchen,4,Demchen,Female,$99000.35,2020-12-08T16:47:24Z
Dillon Flaherty,36,Flaherty,Male,$294830.15,2020-02-02T19:18:57Z
Crystal Labrow,71,Labrow,Female,$207740.74,2020-11-10T23:01:05Z
Montgomery Kenworth,68,Kenworth,Male,$123985.59,2020-07-21T23:46:20Z
Homere Hastie,62,Hastie,Male,$226611.41,2020-12-19T17:42:26Z
Hanna Wenham,8,Wenham,Female,$274045.99,2020-06-18T04:49:18Z
Stephana Burgin,10,Burgin,Female,$427986.74,2020-11-10T23:11:30Z
Brand Lea,79,Lea,Male,$475047.16,2020-09-29T10:01:01Z
Gibb Poundsford,100,Poundsford,Male,$69695.92,2020-08-30T04:51:11Z
Dell Humpatch,31,Humpatch,Male,$377493.23,2020-12-29T01:37:01Z
Stella Ciccottini,99,Ciccottini,Female,$89113.38,2020-08-22T13:32:36Z
Cass Bonnesen,34,Bonnesen,Female,$63985.95,2020-06-06T20:03:56Z
Brittani Suarez,46,Suarez,Female,$137721.23,2020-11-08T07:13:30Z
Bernadette Gotmann,33,Gotmann,Female,$344008.22,2020-10-13T07:56:25Z
Nola Lafflina,5,Lafflina,Female,$400066.58,2020-07-10T13:45:20Z
Sax Goullee,32,Goullee,Male,$209134.04,2020-04-23T16:37:05Z
Valerie Mabley,18,Mabley,Female,$439973.93,2020-02-03T05:04:10Z
Livvie Mathe,38,Mathe,Female,$103895.76,2020-07-07T06:27:52Z
Duff Rowcliffe,6,Rowcliffe,Male,$404372.62,2020-11-17T05:20:21Z
Ginger Hodgen,78,Hodgen,Female,$296289.47,2020-03-11T09:11:46Z
Nola Peeter,93,Peeter,Female,$246226.59,2020-11-10T03:43:32Z
Myrta Bourget,14,Bourget,Female,$468999.19,2020-04-02T12:07:34Z
Carlyle Newlands,50,Newlands,Male,$494214.47,2020-01-28T14:09:13Z
Mickey Geddis,18,Geddis,Male,$84148.95,2020-11-14T10:00:16Z
Odie Shepley,10,Shepley,Male,$471603.29,2020-05-01T00:32:50Z
Gunther Haslock(e),34,Haslock(e),Male,$179109.38,2020-07-03T02:44:21Z
Emmy Selbie,60,Selbie,Female,$196379.59,2020-11-10T17:51:26Z
Blondy Di Bartolommeo,27,Di Bartolommeo,Female,$469273.41,2020-02-20T02:30:55Z
Pascale McGookin,13,McGookin,Male,$402020.30,2020-07-21T20:54:42Z
Loria Bobasch,25,Bobasch,Female,$401256.08,2020-08-05T18:41:59Z
Mignonne Janikowski,77,Janikowski,Female,$473829.44,2020-02-05T13:48:35Z
Clara Crunkhurn,48,Crunkhurn,Female,$89599.38,2020-04-30T08:17:54Z
Bearnard Earie,45,Earie,Male,$322457.02,2020-05-06T03:56:50Z
Darcee Izacenko,96,Izacenko,Female,$180191.47,2020-09-19T18:21:41Z
Wood Han,71,Han,Male,$170441.36,2020-09-30T23:13:36Z
Clim Matuszinski,69,Matuszinski,Male,$307364.60,2020-02-03T03:02:33Z
Ari Spini,73,Spini,Male,$331656.10,2020-09-29T21:18:21Z
Rosemaria Stonestreet,50,Stonestreet,Female,$171358.07,2020-07-23T00:42:53Z
Aurora Vaun,50,Vaun,Female,$278626.15,2020-04-11T20:34:00Z
Marcus Chazelas,44,Chazelas,Male,$228926.03,2020-05-23T19:51:53Z
Dew Heeks,76,Heeks,Male,$219114.99,2020-09-28T11:06:58Z
Hatty McGarel,35,McGarel,Female,$226617.35,2020-08-12T04:01:25Z
Anabal Moehler,55,Moehler,Female,$389792.57,2020-04-07T01:20:11Z
Vaughan Gehringer,82,Gehringer,Male,$371866.76,2020-07-25T17:37:51Z
Leonelle Tesh,9,Tesh,Female,$232970.49,2020-02-03T09:18:36Z
Octavius Dispencer,20,Dispencer,Male,$339538.68,2020-06-11T01:33:27Z
Gill Lyfield,8,Lyfield,Male,$308841.22,2020-07-01T19:23:11Z
Mil Lillecrap,14,Lillecrap,Female,$426562.45,2020-06-11T12:45:46Z
Roxine Greenan,7,Greenan,Female,$182194.53,2020-11-01T19:04:25Z
Cesar Nettle,45,Nettle,Male,$494594.59,2020-09-16T15:58:07Z
Lamont Crady,69,Crady,Male,$180030.16,2020-12-10T20:23:42Z
Lowe Godfree,33,Godfree,Male,$90017.47,2020-08-03T04:06:12Z
Robinet Dansken,48,Dansken,Male,$354226.59,2020-02-03T19:48:29Z
Ephrayim Lovie,63,Lovie,Male,$468177.23,2021-01-05T15:48:50Z
Haleigh Lemar,41,Lemar,Male,$170085.65,2020-02-19T12:11:16Z
Shepperd Prawle,61,Prawle,Male,$452501.78,2020-05-08T15:20:49Z
Thorin Leer,84,Leer,Male,$237698.49,2020-01-22T21:06:09Z
Gus Spinnace,87,Spinnace,Male,$452765.04,2020-12-24T07:17:10Z
Laughton Shaddick,37,Shaddick,Male,$442686.12,2020-06-12T18:44:14Z
Padgett Piet,74,Piet,Male,$410973.88,2020-11-26T00:38:28Z
Tadeo Sore,17,Sore,Male,$48075.13,2020-10-20T18:23:15Z
Jacquenette Kelberman,45,Kelberman,Female,$57975.28,2020-10-02T15:16:30Z
Trista Giraths,73,Giraths,Female,$396475.39,2020-07-04T04:58:10Z
Agosto Andrusyak,51,Andrusyak,Male,$30732.42,2021-01-03T05:03:13Z
Tillie Trimby,56,Trimby,Female,$301051.79,2020-03-19T01:55:49Z
Franzen Britten,45,Britten,Male,$317444.05,2020-07-09T01:33:43Z
Dido Broadey,48,Broadey,Female,$431822.36,2020-02-13T02:40:18Z
Della Rankin,78,Rankin,Female,$124997.22,2020-07-19T18:35:07Z
Korney Dorman,7,Dorman,Female,$304632.49,2020-03-07T08:25:34Z
Ranna Haslock(e),44,Haslock(e),Female,$217143.97,2020-02-26T02:54:21Z
Amabelle Ferreres,41,Ferreres,Female,$50908.58,2020-01-30T11:05:42Z
Cynthia Trulocke,71,Trulocke,Female,$59494.78,2021-01-07T18:52:39Z
Arther Pesticcio,61,Pesticcio,Male,$104132.55,2020-06-06T15:39:00Z
Fielding Durning,10,Durning,Male,$413183.04,2020-03-21T04:58:07Z
Manya Pavlitschek,91,Pavlitschek,Female,$83393.27,2020-04-07T19:47:26Z
Jacquette Ellerker,98,Ellerker,Female,$47497.02,2020-03-16T13:49:54Z
Myrvyn Durrell,57,Durrell,Male,$191896.66,2020-02-23T02:39:09Z
Katherine John,71,John,Female,$86104.23,2020-05-21T20:52:20Z
Batholomew Burnsyde,19,Burnsyde,Male,$282217.90,2020-11-13T23:36:49Z
Toby Eborn,12,Eborn,Male,$73237.63,2020-04-05T08:51:37Z
Lem Theobald,81,Theobald,Male,$26159.39,2020-01-27T16:24:39Z
Roy Nielson,59,Nielson,Male,$444934.12,2020-08-25T01:49:23Z
Stillman Tubridy,76,Tubridy,Male,$357298.46,2020-07-07T09:25:53Z
Tanya Lackey,73,Lackey,Female,$144163.44,2020-03-16T19:27:48Z
Robena Rumble,49,Rumble,Female,$100419.88,2020-08-24T22:35:30Z
Wendeline Habercham,53,Habercham,Female,$289538.62,2020-06-18T20:02:03Z
Joyan Dalgetty,37,Dalgetty,Female,$120173.81,2020-10-10T22:57:27Z
Royce Harfleet,97,Harfleet,Male,$147808.83,2020-10-12T00:18:14Z
Egon Damp,13,Damp,Male,$360887.42,2020-04-18T00:38:08Z
Tades Netherwood,89,Netherwood,Male,$388569.01,2020-05-15T08:48:47Z
Edward Maloney,80,Maloney,Male,$332251.46,2020-06-28T19:04:26Z
Virginia Brignall,46,Brignall,Female,$475157.32,2020-08-11T00:37:29Z
Isabelle Stonhard,56,Stonhard,Female,$467011.84,2020-03-16T19:25:47Z
Creighton Tressler,93,Tressler,Male,$302380.88,2020-06-22T22:13:12Z
Ollie Braxay,31,Braxay,Male,$83589.25,2020-12-30T05:59:23Z
Kalvin Cadman,16,Cadman,Male,$81490.94,2020-03-21T20:20:18Z
Glen Varley,13,Varley,Male,$16054.54,2020-09-21T06:30:13Z
Aubree Levermore,75,Levermore,Female,$497989.08,2020-07-13T05:12:53Z
Gail Twinberrow,74,Twinberrow,Male,$482518.98,2020-10-22T02:02:23Z
Nanice Chark,99,Chark,Female,$372563.01,2020-12-04T14:42:05Z
Randolf Spellicy,58,Spellicy,Male,$174035.97,2020-11-16T08:42:44Z
Morgen Lorie,19,Lorie,Female,$107244.89,2020-03-14T01:10:53Z
Grantley Rottcher,66,Rottcher,Male,$184395.35,2020-10-13T02:24:10Z
Brennen Beurich,88,Beurich,Male,$184657.56,2020-08-12T17:05:46Z
Elijah Botler,55,Botler,Male,$266352.20,2020-10-15T04:45:07Z
Suzy Kitney,42,Kitney,Female,$30871.37,2020-01-25T22:28:44Z
Agnella Follit,22,Follit,Female,$397082.24,2020-12-19T10:39:12Z
Markos Treleaven,31,Treleaven,Male,$132664.42,2020-05-15T02:37:18Z
Ky Danahar,10,Danahar,Male,$332201.39,2020-09-22T03:41:00Z
Sheilah Skinley,2,Skinley,Female,$138231.11,2020-03-23T02:51:15Z
Alana Hesser,20,Hesser,Female,$499019.09,2020-03-23T11:50:40Z
Rodi Baptist,38,Baptist,Female,$445801.75,2020-11-24T15:04:59Z
Binny Prestige,37,Prestige,Female,$96980.72,2020-04-25T15:32:56Z
Westbrook Spavins,14,Spavins,Male,$87306.85,2020-09-08T22:36:02Z
Juieta Kernell,57,Kernell,Female,$418664.96,2020-07-17T03:01:49Z
Melissa Gullam,96,Gullam,Female,$389954.95,2020-08-20T05:43:20Z
Lexi Clout,79,Clout,Female,$97463.64,2020-10-17T07:23:08Z
Sinclare Lohmeyer,80,Lohmeyer,Male,$378882.44,2020-09-13T09:24:10Z
Denys Paulino,81,Paulino,Female,$331155.22,2020-01-31T08:20:59Z
Dulcie Moland,85,Moland,Female,$107985.31,2020-08-22T19:24:42Z
Rodrick Jewitt,10,Jewitt,Male,$60992.86,2020-04-18T18:00:04Z
Frazier Waddie,11,Waddie,Male,$260291.41,2020-09-10T09:34:37Z
Catrina Boatman,64,Boatman,Female,$407629.00,2020-02-28T19:35:58Z
Olwen Panichelli,27,Panichelli,Female,$212438.04,2020-05-04T16:14:16Z
Dinnie Darrigoe,13,Darrigoe,Female,$242484.59,2020-06-29T11:21:41Z
Cyrill Oldershaw,49,Oldershaw,Male,$403047.57,2020-09-07T05:19:33Z
Anastasie Danilchenko,95,Danilchenko,Female,$242093.23,2020-04-28T04:17:57Z
Freemon Threadgould,54,Threadgould,Male,$444155.11,2020-12-01T10:34:23Z
Jasun Goldin,38,Goldin,Male,$109989.75,2020-08-05T08:38:59Z
Pepi Dorward,42,Dorward,Female,$38965.81,2020-05-12T17:52:21Z
Oswell Searby,98,Searby,Male,$61887.33,2020-09-03T11:53:37Z
Arlyn Kops,5,Kops,Female,$149995.23,2020-03-30T01:06:46Z
Rab Majury,20,Majury,Male,$99758.34,2020-12-06T01:13:40Z
Renata Vedekhov,31,Vedekhov,Female,$155620.67,2020-07-19T17:32:57Z
Matthias Harrie,49,Harrie,Male,$137589.67,2020-11-12T13:49:28Z
Vale Bampforth,87,Bampforth,Male,$202322.92,2020-09-24T14:46:02Z
Riannon Derell,83,Derell,Female,$298301.09,2020-08-26T01:09:03Z
Rorke Swatland,55,Swatland,Male,$382469.74,2020-05-31T14:31:45Z
Kennedy Pafford,15,Pafford,Male,$233910.42,2020-12-06T01:45:36Z
Marja Flinn,7,Flinn,Female,$238029.91,2020-03-26T17:32:01Z
Lainey Spadoni,39,Spadoni,Female,$401755.58,2020-11-09T15:06:42Z
Alleyn Gorioli,23,Gorioli,Male,$128065.45,2021-01-11T02:06:21Z
Alejandra Dunmore,81,Dunmore,Female,$111125.62,2020-08-10T21:48:35Z
Kessia Hercules,36,Hercules,Female,$167029.72,2020-03-25T23:03:59Z
Elyssa Michael,17,Michael,Female,$164675.04,2020-05-13T18:37:15Z
Morgen Libbie,67,Libbie,Female,$82440.87,2020-08-11T22:17:58Z
Horatia Pfeffle,22,Pfeffle,Female,$139775.97,2020-09-23T20:44:51Z
Ulises Hetterich,27,Hetterich,Male,$177823.68,2020-11-09T09:24:22Z
Charmian Aleavy,32,Aleavy,Female,$189804.69,2020-12-17T00:36:21Z
Deana Daltrey,36,Daltrey,Female,$210567.17,2020-12-02T14:05:59Z
Merralee Marre,80,Marre,Female,$191666.76,2020-03-29T12:10:49Z
Beitris Scrancher,20,Scrancher,Female,$224359.89,2020-02-15T09:09:14Z
Reece Dall,99,Dall,Male,$13558.48,2020-11-27T10:24:48Z
Jackquelin Jedrzejczyk,74,Jedrzejczyk,Female,$51396.53,2020-06-18T13:10:16Z
Mariam Klink,64,Klink,Female,$24143.39,2020-03-19T20:10:24Z
Genovera Bower,77,Bower,Female,$496531.31,2020-07-14T14:11:26Z
Issiah Lesurf,54,Lesurf,Male,$154176.72,2020-03-06T05:26:58Z
Evelyn Iapico,16,Iapico,Female,$498179.02,2021-01-03T05:07:40Z
Eadie Bonde,71,Bonde,Female,$172882.65,2020-06-12T06:22:43Z
Millicent Sybe,56,Sybe,Female,$398631.07,2021-01-12T17:14:04Z
Letizia Schimon,59,Schimon,Female,$3912.02,2020-12-13T11:51:20Z
Raven Biggin,76,Biggin,Female,$30379.13,2020-06-13T16:33:47Z
Maddie Mathwin,91,Mathwin,Male,$238618.46,2020-07-05T22:05:57Z
Amerigo Ettery,65,Ettery,Male,$355358.26,2020-04-14T18:45:23Z
Gayler Shilito,86,Shilito,Male,$113753.28,2020-09-21T18:45:24Z
Colan Filyashin,62,Filyashin,Male,$441632.99,2020-09-30T11:19:47Z
Evita Farquar,94,Farquar,Female,$162023.18,2020-12-24T07:38:36Z
Kelli Buckoke,13,Buckoke,Female,$389359.24,2020-06-18T00:29:20Z
Erika Ludlem,17,Ludlem,Female,$159206.98,2020-08-04T04:08:32Z
Rosaline Flintoff,85,Flintoff,Female,$390885.23,2020-12-01T03:05:41Z
Garrot Matschoss,3,Matschoss,Male,$206550.66,2020-08-14T09:34:43Z
Shaughn Riggs,88,Riggs,Male,$378868.93,2020-05-11T11:36:49Z
Bevvy Heaseman,27,Heaseman,Female,$178535.47,2020-06-16T07:23:05Z
Amata Tooley,37,Tooley,Female,$183513.83,2020-07-19T21:31:00Z
Cairistiona Mariner,91,Mariner,Female,$128518.56,2020-03-20T01:33:00Z
Arabele Hargey,96,Hargey,Female,$87720.81,2020-06-09T19:36:49Z
Reidar Cluet,19,Cluet,Male,$322621.06,2020-11-23T21:30:54Z
Pincus Spooner,47,Spooner,Male,$342438.87,2020-07-30T19:50:48Z
Daisy Vinsen,28,Vinsen,Female,$88750.32,2020-11-13T14:18:55Z
Mayne Goldstein,94,Goldstein,Male,$118599.91,2020-01-17T04:27:48Z
Murvyn Burrus,84,Burrus,Male,$179267.14,2020-02-29T23:32:16Z
Zelda Ramas,39,Ramas,Female,$94820.17,2020-12-22T07:09:18Z
Patrice Lattey,17,Lattey,Male,$307749.41,2020-05-08T13:34:56Z
Agustin Corben,80,Corben,Male,$120266.96,2020-07-19T21:19:39Z
Priscella Sigward,54,Sigward,Female,$120381.47,2020-06-07T19:44:24Z
Wake Jacks,64,Jacks,Male,$109214.49,2021-01-01T22:13:14Z
Dory Robker,58,Robker,Male,$336136.11,2020-08-05T18:16:44Z
Berky Browning,23,Browning,Male,$99198.96,2020-03-06T20:08:02Z
Vincents Harman,47,Harman,Male,$182323.09,2020-06-23T10:26:20Z
Janene Piesing,69,Piesing,Female,$259638.11,2020-08-27T10:24:44Z
Brook Puleston,100,Puleston,Female,$405395.86,2020-06-28T14:33:25Z
Sylvan Hall,38,Hall,Male,$298730.34,2020-10-15T01:41:17Z
Suki Rowswell,98,Rowswell,Female,$473297.98,2021-01-10T17:44:17Z
Elvira Brummitt,35,Brummitt,Female,$358855.47,2020-04-12T01:13:54Z
Rodrick Aizkovitch,73,Aizkovitch,Male,$100057.62,2020-03-07T16:18:06Z
Chariot Spandley,8,Spandley,Male,$163521.51,2020-08-27T04:45:06Z
Concettina Innman,26,Innman,Female,$401009.66,2020-11-16T03:25:10Z
Grace Palfreyman,43,Palfreyman,Female,$396504.63,2020-08-10T18:45:24Z
Mack Kitcat,31,Kitcat,Male,$70371.34,2020-12-27T13:03:14Z
Rachael Carillo,43,Carillo,Female,$497064.51,2020-11-15T15:09:37Z
Ike Mercer,58,Mercer,Male,$237616.13,2020-12-12T16:29:00Z
Thurstan Dorrington,83,Dorrington,Male,$498291.15,2020-06-11T11:56:55Z
Kelly Mecco,29,Mecco,Male,$208342.84,2020-03-19T15:42:17Z
Olivier Curzon,30,Curzon,Male,$87524.77,2020-10-31T02:52:49Z
Chrissie Hollingsbee,27,Hollingsbee,Male,$208282.11,2020-08-04T15:52:27Z
Jodie Andrusov,83,Andrusov,Female,$52215.50,2020-01-15T20:29:55Z
Claudius Stot,18,Stot,Male,$325712.84,2020-11-03T14:52:24Z
Easter Bargh,5,Bargh,Female,$460803.47,2020-02-15T05:34:14Z
Dareen Sams,30,Sams,Female,$29630.98,2020-03-07T18:59:29Z
Orelie Farragher,56,Farragher,Female,$312039.58,2020-08-30T21:10:25Z
Hayward Klemz,6,Klemz,Male,$49926.18,2020-09-21T12:57:48Z
Cos Rimes,24,Rimes,Male,$492756.75,2020-03-29T22:52:14Z
Sutherlan Ilyunin,97,Ilyunin,Male,$244883.18,2020-04-24T20:28:09Z
Tobe Stimson,65,Stimson,Female,$59304.73,2020-12-04T07:43:46Z
West Biesterfeld,29,Biesterfeld,Male,$369953.58,2020-03-16T10:01:22Z
Dacie Perutto,98,Perutto,Female,$265339.00,2020-11-09T12:20:49Z
Elsa Gillion,15,Gillion,Female,$387857.20,2020-10-08T01:28:49Z
Abel Heyns,73,Heyns,Male,$101874.61,2020-09-19T17:28:49Z
Adamo Pilkinton,43,Pilkinton,Male,$180058.41,2020-11-13T03:54:23Z
Eberhard Denacamp,66,Denacamp,Male,$12040.95,2020-08-17T20:31:43Z
Drugi Coles,81,Coles,Male,$327741.54,2020-11-20T07:07:23Z
Karel Lorand,57,Lorand,Male,$492869.27,2020-07-07T13:46:41Z
Gerard Hughlock,19,Hughlock,Male,$19328.08,2020-12-04T14:01:13Z
Muire Huikerby,97,Huikerby,Female,$40647.78,2020-09-18T14:01:20Z
Bentley Coldwell,43,Coldwell,Male,$116701.65,2020-03-06T17:10:32Z
Jill Bunclark,58,Bunclark,Female,$99826.92,2020-10-20T09:24:56Z
Sybilla Laurand,75,Laurand,Female,$35216.23,2020-07-25T22:18:37Z
Rene Prester,29,Prester,Male,$112148.60,2020-07-11T10:05:33Z
Andrea Cobelli,43,Cobelli,Female,$338990.54,2020-02-17T03:22:27Z
Chelsie Mullin,45,Mullin,Female,$213306.33,2020-09-04T08:10:48Z
Byram Tennet,9,Tennet,Male,$325194.13,2020-10-08T02:45:49Z
Kev Mc Cahey,12,Mc Cahey,Male,$245407.62,2020-11-17T19:47:56Z
Donalt Worsham,82,Worsham,Male,$493396.63,2020-12-24T20:50:09Z
Pavel Bailes,91,Bailes,Male,$78669.82,2020-12-29T06:40:08Z
Alaric Hillatt,52,Hillatt,Male,$270212.42,2020-11-29T04:26:41Z
Mel Gawkes,46,Gawkes,Female,$139982.81,2020-11-17T01:47:28Z
Cindra Huffey,11,Huffey,Female,$159167.37,2020-12-19T20:22:24Z
Garv Huitt,58,Huitt,Male,$143428.78,2020-10-29T16:46:26Z
Roberto Folkerd,50,Folkerd,Male,$282905.56,2020-07-07T11:52:01Z
Clair Leney,64,Leney,Male,$15696.56,2020-07-07T02:14:22Z
Rosita Norman,95,Norman,Female,$449601.05,2020-02-03T01:25:55Z
Giraud Olivas,84,Olivas,Male,$137774.91,2020-07-16T18:00:29Z
Harli de Verson,13,de Verson,Female,$361284.69,2020-09-22T19:16:33Z
Borg Pennino,12,Pennino,Male,$420654.45,2020-05-16T02:26:28Z
Tony Smurthwaite,19,Smurthwaite,Male,$486475.26,2020-04-16T05:07:44Z
Rossie Crother,25,Crother,Male,$459911.71,2020-06-17T20:34:50Z
Shell Strike,89,Strike,Male,$211753.40,2020-05-26T19:48:23Z
Shanna Claridge,68,Claridge,Female,$152177.27,2020-10-23T17:35:02Z
Cammy Roocroft,57,Roocroft,Male,$70037.85,2020-07-13T14:55:31Z
Niall Greenless,75,Greenless,Male,$444333.14,2020-04-02T06:18:56Z
Cari Deer,40,Deer,Female,$328798.67,2020-06-02T02:39:55Z
Fawne Shinfield,29,Shinfield,Female,$199360.93,2020-08-01T08:10:47Z
Layney Maty,42,Maty,Female,$471421.30,2020-04-10T22:03:45Z
Ara Schrinel,77,Schrinel,Male,$284599.70,2020-10-28T01:25:14Z
Micah Callear,45,Callear,Male,$312225.34,2020-10-01T05:53:15Z
Katlin Ondrasek,21,Ondrasek,Female,$338652.25,2020-10-04T09:59:50Z
Grove Kingswold,84,Kingswold,Male,$280804.27,2020-07-01T02:37:50Z
Domingo Robertacci,27,Robertacci,Male,$327940.58,2020-03-22T09:58:43Z
Husein Waye,49,Waye,Male,$5862.51,2020-08-25T03:39:38Z
Annabal Hankinson,72,Hankinson,Female,$12529.68,2020-06-11T05:53:18Z
Sandy Keymar,84,Keymar,Male,$75242.68,2021-01-14T10:19:27Z
Kip Ing,48,Ing,Female,$14277.17,2020-12-06T17:15:46Z
Kris Salazar,93,Salazar,Male,$216467.71,2020-11-29T16:56:26Z
Idaline Bangham,94,Bangham,Female,$100258.40,2020-09-30T10:54:51Z
Prue Velti,19,Velti,Female,$433487.05,2020-12-05T06:09:05Z
Pietrek Allott,65,Allott,Male,$429070.73,2020-02-13T18:54:03Z
Vevay Stephens,63,Stephens,Female,$235417.82,2020-11-05T04:20:59Z
Lorry Hackleton,34,Hackleton,Male,$62015.03,2020-03-13T06:49:26Z
Welsh Toupe,18,Toupe,Male,$123509.12,2020-03-07T21:08:34Z
Dotty Wogden,28,Wogden,Female,$157858.71,2020-02-26T00:48:34Z
Loren Aldiss,72,Aldiss,Male,$46454.62,2020-02-10T09:53:00Z
Salem Du Barry,20,Du Barry,Male,$274693.84,2020-09-28T20:18:47Z
Washington Marioneau,54,Marioneau,Male,$148200.95,2020-09-25T09:41:46Z
Merilyn Saywood,49,Saywood,Female,$426243.59,2020-02-01T16:58:20Z
Merrill Wescott,42,Wescott,Male,$372984.01,2020-05-01T06:52:38Z
Nikkie Dimitru,40,Dimitru,Female,$362455.98,2020-12-23T20:29:26Z
Glen Baughn,44,Baughn,Female,$387217.31,2020-11-20T12:35:51Z
Kilian de Marco,100,de Marco,Male,$296885.46,2020-08-30T05:52:34Z
Brendon Terzza,62,Terzza,Male,$53422.01,2020-10-07T03:51:31Z
Eamon Brimble,52,Brimble,Male,$225939.53,2020-06-19T00:22:31Z
Alonso Peteri,61,Peteri,Male,$495884.93,2020-08-23T02:47:21Z
Briny Fetherstonhaugh,38,Fetherstonhaugh,Female,$193982.63,2020-03-17T02:25:09Z
Sabra Bagshaw,12,Bagshaw,Female,$479501.14,2020-08-28T07:39:15Z
Alexa Rogliero,68,Rogliero,Female,$447760.14,2020-09-01T02:19:48Z
Nancy Cheel,58,Cheel,Female,$81323.79,2020-08-10T06:07:07Z
El Gavaghan,69,Gavaghan,Male,$362494.87,2020-01-25T07:07:29Z
Reinaldo Willden,41,Willden,Male,$402582.63,2020-01-23T07:22:19Z
Frances Calveley,9,Calveley,Female,$2442.10,2020-02-08T16:46:42Z
Hervey Stutte,20,Stutte,Male,$159333.62,2020-09-26T06:48:41Z
Karl Palmer,76,Palmer,Male,$312954.32,2020-10-13T08:35:46Z
Virgina Bartosek,52,Bartosek,Female,$368589.13,2020-08-09T22:52:32Z
Ash Fairlaw,54,Fairlaw,Male,$255113.43,2020-12-05T17:35:56Z
Penn Loines,82,Loines,Male,$83731.67,2020-12-10T12:13:35Z
Belinda Francesch,70,Francesch,Female,$475312.12,2021-01-13T16:14:06Z
Seana Ablott,91,Ablott,Female,$185845.28,2020-11-06T06:44:17Z
Marcello Timmes,66,Timmes,Male,$494478.28,2020-11-08T17:58:47Z
Fraze Lomaz,31,Lomaz,Male,$437348.84,2020-08-04T10:05:37Z
Dyanne Hazle,40,Hazle,Female,$101200.90,2020-08-25T00:36:13Z
Kacy Mallia,61,Mallia,Female,$58878.83,2020-10-22T04:36:53Z
Corilla Fishpool,33,Fishpool,Female,$444964.03,2020-06-26T01:16:45Z
Fredrick Betke,17,Betke,Male,$107060.90,2020-05-06T08:26:43Z
Idelle Burnage,82,Burnage,Female,$223429.27,2020-09-08T15:29:51Z
Isidora Clarson,18,Clarson,Female,$117113.66,2020-12-29T21:13:07Z
Timofei Asals,89,Asals,Male,$26357.71,2021-01-02T02:13:21Z
Kelsy Dautry,92,Dautry,Female,$113423.56,2020-04-14T06:43:02Z
Giovanna Milliere,54,Milliere,Female,$495529.22,2020-12-23T01:15:44Z
Trent Traviss,41,Traviss,Male,$397868.21,2020-04-28T08:51:05Z
Katha Tuffs,98,Tuffs,Female,$257454.64,2020-06-21T08:45:59Z
Duffie Risbie,4,Risbie,Male,$144899.74,2020-11-27T14:35:41Z
Carmelita felip,81,felip,Female,$405561.29,2020-09-28T10:19:14Z
Kimberly Petri,24,Petri,Female,$77133.75,2020-04-20T05:29:59Z
Brittany Emberton,4,Emberton,Female,$119137.59,2020-02-07T05:05:25Z
Tristam Seson,79,Seson,Male,$108304.86,2020-04-14T12:02:03Z
Vladimir Byram,60,Byram,Male,$136099.18,2020-08-10T21:10:47Z
Harwell Gumary,17,Gumary,Male,$387713.00,2020-12-04T12:02:37Z
Violante Aymeric,30,Aymeric,Female,$275244.04,2020-04-01T11:30:05Z
Frank Kivelle,88,Kivelle,Male,$454996.87,2020-08-31T22:10:49Z
Gordy Von Welldun,5,Von Welldun,Male,$148250.90,2020-07-29T09:04:38Z
Rudolph Forrestor,5,Forrestor,Male,$61552.42,2020-12-23T07:42:50Z
Arlyne Grob,6,Grob,Female,$488747.69,2020-01-19T18:30:54Z
Merna Holah,66,Holah,Female,$404629.88,2020-04-19T22:26:30Z
Dasha Blaskett,38,Blaskett,Female,$23706.60,2020-06-19T17:24:55Z
Camile Possell,47,Possell,Female,$30341.97,2020-03-13T16:50:28Z
Lance Ewart,76,Ewart,Male,$96561.11,2020-02-23T20:42:13Z
Lucille Beecham,2,Beecham,Female,$243232.21,2020-12-23T05:18:56Z
Silvanus Adamovsky,28,Adamovsky,Male,$437996.55,2020-07-19T22:36:59Z
Pete Walsh,8,Walsh,Male,$276014.30,2020-10-22T02:10:54Z
Dasya Wallman,45,Wallman,Female,$56685.30,2020-05-25T06:25:26Z
Cornell Fowlston,65,Fowlston,Male,$258664.21,2020-12-24T19:27:27Z
Brod Pickover,86,Pickover,Male,$36946.82,2020-12-23T19:32:37Z
Beverie Lethieulier,79,Lethieulier,Female,$158951.86,2020-01-31T18:46:19Z
Odey Musslewhite,16,Musslewhite,Male,$483311.65,2020-05-06T02:25:57Z
Pincas Adolfsen,86,Adolfsen,Male,$95937.02,2020-02-15T14:36:17Z
Jeanne Pioch,21,Pioch,Female,$407192.90,2020-07-09T23:53:47Z
Domenico Benjamin,99,Benjamin,Male,$377653.90,2020-12-24T14:12:51Z
Suzann Sleney,78,Sleney,Female,$97517.81,2021-01-04T05:55:44Z
Cybill Antrim,28,Antrim,Female,$80678.48,2020-02-21T08:28:28Z
Rogers Pagen,57,Pagen,Male,$211573.44,2020-04-03T07:03:34Z
Matthew Justis,75,Justis,Male,$133215.41,2020-02-20T12:42:59Z
Imojean Peaple,87,Peaple,Female,$202117.20,2020-03-01T21:12:46Z
Hernando Linturn,16,Linturn,Male,$130312.62,2021-01-08T03:37:54Z
Lorrin Sharpe,68,Sharpe,Female,$319300.99,2020-03-27T20:13:06Z
Martina Filov,81,Filov,Female,$409353.00,2020-12-19T12:48:13Z
Earvin Bowness,75,Bowness,Male,$37186.70,2020-07-28T04:05:28Z
Gian Gegay,23,Gegay,Male,$319728.44,2020-01-28T19:29:27Z
Raymond MacIlwrick,60,MacIlwrick,Male,$469736.70,2020-04-27T22:38:39Z
Nollie Millar,57,Millar,Male,$411487.37,2020-06-01T17:41:55Z
Corri Tindle,79,Tindle,Female,$21212.08,2020-03-21T00:58:49Z
Kippy Chittock,97,Chittock,Male,$136461.75,2020-04-18T13:45:45Z
Tarrah Stanyon,86,Stanyon,Female,$179515.17,2020-03-07T03:58:36Z
Beatrisa Sprasen,52,Sprasen,Female,$337814.66,2020-11-15T06:21:16Z
Micheline Crosher,86,Crosher,Female,$477762.19,2020-10-14T04:32:38Z
Gaye Morgan,94,Morgan,Female,$333783.56,2020-11-27T22:58:15Z
Cele Fines,89,Fines,Female,$177873.70,2020-06-28T11:26:13Z
Barnabe Haseman,86,Haseman,Male,$70167.32,2020-05-13T18:34:14Z
Carleton Gathercoal,11,Gathercoal,Male,$482765.99,2020-11-15T20:07:19Z
Zak Gilyott,58,Gilyott,Male,$211918.29,2020-09-07T13:38:30Z
Dana Barriball,68,Barriball,Male,$289494.01,2020-05-25T16:39:09Z
Anabelle Petters,61,Petters,Female,$54075.48,2020-12-02T02:13:21Z
Cordi Glasspoole,44,Glasspoole,Female,$193714.66,2020-06-17T12:50:44Z
Harmonie Bartleet,95,Bartleet,Female,$380580.01,2020-05-05T03:46:02Z
Idelle Curragh,100,Curragh,Female,$457630.02,2020-02-04T19:36:09Z
Adina Martini,76,Martini,Female,$15012.75,2020-02-29T14:51:06Z
Devina Gedge,20,Gedge,Female,$175823.74,2020-07-26T07:49:52Z
Rosalie Mossom,72,Mossom,Female,$273803.40,2020-05-02T14:52:37Z
Yalonda Sapena,84,Sapena,Female,$165717.25,2020-03-21T12:09:48Z
Marrilee Ricks,38,Ricks,Female,$118504.41,2020-05-22T12:54:43Z
Inga Cardow,75,Cardow,Female,$224042.95,2020-09-02T18:47:20Z
Inglebert Haswall,80,Haswall,Male,$275393.44,2020-07-25T03:12:34Z
Donal Cluelow,78,Cluelow,Male,$416793.46,2020-05-15T11:26:30Z
Kurtis Bewly,44,Bewly,Male,$85575.17,2020-03-07T12:05:26Z
Saudra Morphet,46,Morphet,Female,$320837.10,2020-10-31T21:17:31Z
Jozef Lingard,71,Lingard,Male,$325509.39,2020-10-25T02:10:41Z
Maris Mc Caughen,77,Mc Caughen,Female,$371942.94,2021-01-07T22:15:25Z
Dode Gingle,33,Gingle,Female,$59497.87,2020-07-05T01:34:58Z
Sydelle Stoeckle,79,Stoeckle,Female,$498049.81,2020-04-18T15:17:45Z
Coralie Ambridge,14,Ambridge,Female,$76664.17,2020-09-01T20:17:29Z
Halie Burkinshaw,87,Burkinshaw,Female,$84569.91,2020-07-17T08:50:24Z
Mick Pischof,15,Pischof,Male,$51461.15,2020-05-04T13:08:09Z
Robinette Cammacke,41,Cammacke,Female,$464387.91,2020-09-11T08:41:01Z
Charmane Pampling,58,Pampling,Female,$267565.85,2020-04-06T09:43:04Z
Kippie De la Zenne,27,De la Zenne,Female,$341490.68,2020-04-04T14:34:39Z
Danica Growden,13,Growden,Female,$321149.11,2020-11-05T01:35:07Z
Sheri Alfonsetti,18,Alfonsetti,Female,$37367.75,2020-06-16T07:44:01Z
Torrance Bonifant,85,Bonifant,Male,$257432.20,2020-07-10T07:26:32Z
Alexandro Chyuerton,69,Chyuerton,Male,$226891.50,2020-09-29T11:27:16Z
Murry Happel,83,Happel,Male,$428455.56,2020-09-30T03:00:03Z
Thorn Lodwick,39,Lodwick,Male,$290397.10,2020-02-19T03:32:02Z
Tonnie Attyeo,39,Attyeo,Male,$227029.99,2020-05-21T22:48:06Z
Rosa Geraud,10,Geraud,Female,$237990.11,2020-04-09T12:12:19Z
D'arcy Casiero,14,Casiero,Male,$287145.16,2020-11-20T21:43:59Z
Diann Bootyman,55,Bootyman,Female,$122225.84,2020-04-18T15:05:10Z
Cammi La Rosa,79,La Rosa,Female,$290949.67,2020-03-27T22:09:14Z
Clyve Giacovazzo,84,Giacovazzo,Male,$220509.49,2020-09-14T14:56:05Z
Petronille Branney,72,Branney,Female,$124777.24,2020-05-31T21:24:59Z
Brigham Champe,45,Champe,Male,$395639.39,2020-06-08T18:07:36Z
Bobbee Cheevers,52,Cheevers,Female,$471479.60,2020-10-08T16:22:56Z
Collette Yitzhakov,2,Yitzhakov,Female,$382856.47,2020-07-07T17:52:23Z
Kristan Hrishchenko,21,Hrishchenko,Female,$426805.74,2020-12-14T08:59:30Z
Lorens Sille,83,Sille,Male,$37631.47,2020-01-26T17:18:31Z
Sapphire Lakenden,64,Lakenden,Female,$401884.05,2020-04-28T22:28:47Z
Athene Gieraths,25,Gieraths,Female,$155774.44,2021-01-02T19:55:35Z
Shanan Tomasik,44,Tomasik,Male,$389373.99,2020-08-08T01:01:11Z
Daune Coulter,60,Coulter,Female,$262483.33,2020-10-29T19:43:05Z
Waring Saynor,76,Saynor,Male,$418133.03,2020-02-12T23:03:49Z
Hally Hamsher,36,Hamsher,Female,$379769.13,2020-07-10T16:47:26Z
Jaine Dumbreck,21,Dumbreck,Female,$158304.80,2020-11-13T02:19:59Z
Fanechka Medforth,81,Medforth,Female,$65266.81,2020-11-09T22:53:41Z
Vally Ropking,44,Ropking,Female,$432989.76,2020-03-01T04:11:19Z
Edmund Ginni,10,Ginni,Male,$390072.24,2020-07-23T11:48:52Z
Carla Eaddy,40,Eaddy,Female,$264181.59,2020-12-19T13:11:49Z
Robers Durban,58,Durban,Male,$44532.63,2020-09-30T16:53:05Z
Matthiew Breeze,44,Breeze,Male,$414859.57,2020-04-25T08:00:10Z
Tamarra Delgadillo,25,Delgadillo,Female,$405202.78,2020-07-21T00:51:09Z
Muhammad McGeever,47,McGeever,Male,$430457.77,2020-04-21T11:07:48Z
Garek Rickeard,93,Rickeard,Male,$465118.75,2021-01-14T10:43:21Z
Kiel Malshinger,20,Malshinger,Male,$339846.27,2020-06-22T04:56:08Z
Amalia Arsey,5,Arsey,Female,$137756.60,2020-03-29T02:08:39Z
Amory Kettleson,92,Kettleson,Male,$281338.47,2020-09-29T12:48:15Z
Philip Zavattiero,57,Zavattiero,Male,$379517.59,2020-08-13T09:47:27Z
Bette Karus,1,Karus,Female,$247013.01,2020-12-26T13:44:56Z
Skippie Broschek,93,Broschek,Male,$257400.97,2020-07-01T10:33:10Z
Guinna Pavolillo,90,Pavolillo,Female,$111833.02,2020-11-12T09:55:52Z
Bartram Wallwood,58,Wallwood,Male,$86112.32,2020-12-20T22:46:49Z
Lisha Hewins,70,Hewins,Female,$167904.95,2020-04-11T12:04:57Z
Piggy Scottini,35,Scottini,Male,$240676.57,2020-11-11T15:25:08Z
Suki Taberner,7,Taberner,Female,$439104.83,2020-12-07T16:58:21Z
Ravi Hegel,56,Hegel,Male,$333422.19,2020-10-20T17:39:54Z
Karlotte Gibling,35,Gibling,Female,$292123.79,2020-12-28T23:09:45Z
Andy Langhorn,31,Langhorn,Male,$469657.35,2020-09-07T13:56:28Z
Thia Cherry,94,Cherry,Female,$343301.16,2020-03-01T22:40:46Z
Davine Burleton,78,Burleton,Female,$120548.53,2020-10-21T04:07:31Z
Karalee Skillings,39,Skillings,Female,$239274.67,2020-04-18T19:58:28Z
Krishnah Lurner,44,Lurner,Male,$145152.72,2020-01-18T20:55:36Z
Brandice Horsefield,14,Horsefield,Female,$332224.42,2020-06-13T06:56:52Z
Quincey Unworth,91,Unworth,Male,$19415.29,2020-04-12T13:43:08Z
Zia Manchester,11,Manchester,Female,$83788.87,2020-09-11T01:55:14Z
Madelon Morffew,73,Morffew,Female,$230131.59,2020-05-11T01:48:58Z
Mimi Godon,94,Godon,Female,$74041.85,2020-10-28T12:02:42Z
Jeth Grelak,14,Grelak,Male,$78640.13,2020-04-13T13:16:10Z
Piper Corradeschi,65,Corradeschi,Female,$208256.51,2020-08-14T03:23:07Z
Gayleen Cockrill,98,Cockrill,Female,$429883.71,2020-01-26T13:02:39Z
Linzy Casacchia,9,Casacchia,Female,$475030.31,2020-07-17T17:25:25Z
Anneliese Gosse,27,Gosse,Female,$79479.97,2020-05-16T08:01:00Z
Jeth Mariolle,35,Mariolle,Male,$371312.18,2020-04-07T14:15:56Z
Lannie Airth,62,Airth,Male,$53725.52,2020-06-06T11:20:50Z
Burr Strafford,58,Strafford,Male,$137697.63,2020-10-09T19:23:46Z
Roarke Rampley,86,Rampley,Male,$199902.74,2020-08-25T10:54:23Z
Anatola Rumford,85,Rumford,Female,$11347.18,2020-04-09T10:02:25Z
Rodrick Vost,50,Vost,Male,$31853.44,2020-04-28T19:50:30Z
Gonzales Sturzaker,91,Sturzaker,Male,$493269.26,2020-12-04T02:16:26Z
Alys Hudleston,3,Hudleston,Female,$101980.48,2020-07-24T13:18:20Z
Demetrius Pury,18,Pury,Male,$345055.05,2020-06-08T04:58:57Z
Lurleen McGrae,82,McGrae,Female,$106395.82,2020-08-16T07:10:47Z
Anthiathia Heikkinen,85,Heikkinen,Female,$400520.96,2020-11-30T19:43:36Z
Tomaso Beagrie,38,Beagrie,Male,$423964.51,2020-05-03T23:45:56Z
Nert Wheatley,57,Wheatley,Female,$352518.12,2020-02-19T09:05:18Z
Thacher Draaisma,92,Draaisma,Male,$166905.96,2020-08-31T07:58:41Z
Helyn Endean,55,Endean,Female,$166739.30,2020-11-06T13:00:53Z
Dud Glavin,11,Glavin,Male,$414923.94,2020-03-01T06:44:29Z
Mae Gareisr,18,Gareisr,Female,$299918.16,2020-12-18T02:12:39Z
Meredith Dyka,84,Dyka,Male,$110695.84,2020-03-15T20:27:16Z
Elyse Ellcock,55,Ellcock,Female,$2195.77,2020-06-02T21:28:44Z
Timothee Chetwind,73,Chetwind,Male,$144152.11,2020-09-28T23:21:26Z
Clair Buttner,92,Buttner,Male,$333069.86,2020-10-02T09:54:05Z
Georgie Rosten,19,Rosten,Female,$247536.84,2020-08-03T05:49:45Z
Erny Tidswell,88,Tidswell,Male,$264932.40,2020-05-18T00:32:34Z
Clo Matonin,49,Matonin,Female,$186324.33,2020-04-25T04:02:17Z
Darlene Lawtey,28,Lawtey,Female,$165170.17,2020-09-02T18:52:33Z
Randall Gehring,92,Gehring,Male,$301278.14,2020-11-19T18:30:56Z
Lauryn Rosa,96,Rosa,Female,$322111.33,2020-08-16T08:20:11Z
Gun Reide,90,Reide,Male,$125729.99,2021-01-11T04:19:52Z
Vally Moultrie,48,Moultrie,Female,$452232.61,2021-01-02T06:52:13Z
Yurik Harcombe,23,Harcombe,Male,$60930.02,2020-09-24T08:22:05Z
Den Polhill,18,Polhill,Male,$490542.41,2020-11-06T03:25:51Z
Laurel Worham,29,Worham,Female,$126889.40,2020-07-04T08:38:56Z
Alfy Goadby,60,Goadby,Female,$190530.02,2020-03-15T17:12:10Z
Abagail Marten,92,Marten,Female,$402254.89,2020-03-26T01:46:28Z
Ina Labbati,10,Labbati,Female,$415130.30,2020-11-26T12:07:47Z
Randolf Yakovliv,89,Yakovliv,Male,$89701.16,2020-05-22T13:02:37Z
Mommy Ricciardiello,40,Ricciardiello,Female,$463568.58,2020-07-27T04:36:20Z
Allayne Hailston,26,Hailston,Male,$379573.04,2020-10-16T05:57:09Z
Ardyce Grinaway,87,Grinaway,Female,$106439.21,2020-06-03T03:55:07Z
Carola Roxburgh,96,Roxburgh,Female,$380502.44,2020-09-19T11:45:55Z
Sapphira Hazlegrove,91,Hazlegrove,Female,$355600.11,2020-10-19T16:04:16Z
Kally Soppeth,94,Soppeth,Female,$430651.00,2020-06-08T10:09:30Z
Cecilla Maffin,53,Maffin,Female,$233791.97,2020-06-14T15:45:56Z
Row Mullally,22,Mullally,Female,$62870.74,2020-11-16T02:29:33Z
Gianna Clayworth,64,Clayworth,Female,$153086.21,2020-12-01T04:33:28Z
Ailbert Dorton,97,Dorton,Male,$329704.83,2020-05-30T15:08:04Z
Emmy Hurlestone,95,Hurlestone,Female,$139295.11,2020-03-20T10:25:12Z
Errol Linstead,60,Linstead,Male,$452135.17,2020-09-17T09:37:18Z
Cherri Tomini,83,Tomini,Female,$307332.24,2020-05-18T19:29:13Z
Gwenette Tarver,73,Tarver,Female,$242561.16,2020-03-21T23:03:48Z
Zerk Iannello,32,Iannello,Male,$47261.15,2020-04-28T19:42:26Z
Lindy Grosier,84,Grosier,Female,$272789.85,2020-03-18T09:11:43Z
Jessie Potts,58,Potts,Male,$106951.36,2020-04-13T09:45:11Z
Samara Kryszkiecicz,70,Kryszkiecicz,Female,$470179.02,2020-06-25T10:07:00Z
Gus Gellier,86,Gellier,Male,$86868.11,2020-12-13T03:25:25Z
Kalindi Smiths,61,Smiths,Female,$222377.71,2020-02-20T07:40:50Z
Sindee Sertin,53,Sertin,Female,$107744.82,2020-07-04T14:09:25Z
Marjory MacSween,14,MacSween,Female,$288322.65,2020-09-28T18:06:31Z
Clevie Yoskowitz,39,Yoskowitz,Male,$136021.45,2020-10-11T11:34:22Z
Mikkel Littledike,21,Littledike,Male,$17832.26,2020-05-01T21:44:39Z
Clio Montier,66,Montier,Female,$289198.73,2020-12-09T11:16:47Z
Marlon Ticksall,20,Ticksall,Male,$393208.03,2020-10-04T03:55:08Z
Helenelizabeth Killcross,39,Killcross,Female,$283354.12,2020-12-27T05:41:39Z
Cirstoforo McKevitt,81,McKevitt,Male,$152050.48,2020-05-16T03:54:12Z
Brynn Dobkin,16,Dobkin,Female,$469905.93,2020-05-22T15:04:09Z
Louis Canet,95,Canet,Male,$469608.18,2020-07-21T02:22:17Z
Olva Sommers,96,Sommers,Female,$274034.25,2020-10-07T04:14:33Z
Suzy Orleton,12,Orleton,Female,$196.87,2020-05-25T22:30:45Z
Haskell Petyt,15,Petyt,Male,$490474.65,2020-03-18T16:45:14Z
Farlee McNern,48,McNern,Male,$375979.07,2020-05-27T06:45:48Z
Ellsworth Aggus,50,Aggus,Male,$497338.38,2020-07-17T08:44:54Z
Hayward Hulls,46,Hulls,Male,$270731.88,2020-03-06T10:35:48Z
Louis Riddett,16,Riddett,Male,$170606.05,2020-03-17T22:54:41Z
Horton Maskew,25,Maskew,Male,$208488.68,2020-12-06T18:54:08Z
Faunie Rainbow,21,Rainbow,Female,$426676.55,2020-03-12T17:53:00Z
Bell Lamacraft,33,Lamacraft,Female,$223259.48,2020-05-12T10:47:54Z
Ann-marie Mordanti,97,Mordanti,Female,$259488.64,2020-01-25T17:59:32Z
Michele Lidell,60,Lidell,Female,$411174.23,2020-04-24T17:37:02Z
Ethelyn Sahnow,90,Sahnow,Female,$430870.59,2020-05-15T15:46:15Z
Sibley Elderkin,75,Elderkin,Female,$283812.44,2020-10-02T02:50:39Z
Eb McOmish,52,McOmish,Male,$208574.82,2020-01-31T04:35:35Z
Ferguson Greschke,36,Greschke,Male,$491315.76,2020-09-05T03:04:11Z
Patty Isaacson,66,Isaacson,Male,$60027.07,2020-05-29T11:26:07Z
Yulma Kirkness,65,Kirkness,Male,$364763.60,2020-09-10T11:07:59Z
Ulrich Perin,7,Perin,Male,$276820.76,2020-08-27T23:17:15Z
Ashby Locock,53,Locock,Male,$2442.28,2020-07-16T05:32:58Z
Orelie Grigolashvill,39,Grigolashvill,Female,$72112.45,2021-01-05T16:42:57Z
Winna Hryniewicki,59,Hryniewicki,Female,$14227.99,2020-12-10T04:29:22Z
Lockwood Sorbey,73,Sorbey,Male,$498206.67,2020-11-04T00:18:15Z
Rebekkah Dabnor,73,Dabnor,Female,$495889.10,2020-03-19T16:03:39Z
Emlyn Cheak,14,Cheak,Male,$98551.88,2020-11-30T08:50:16Z
Karlen O'Hengerty,25,O'Hengerty,Female,$130318.92,2020-02-10T14:24:31Z
Johnny Picard,14,Picard,Male,$138305.88,2020-03-18T13:39:15Z
Bowie Coiley,14,Coiley,Male,$54854.12,2020-01-20T20:14:42Z
Frasquito Morphet,74,Morphet,Male,$77527.09,2020-12-16T02:26:05Z
Hodge Yateman,45,Yateman,Male,$257530.60,2021-01-01T13:47:12Z
Merill Kippins,40,Kippins,Male,$125023.97,2020-09-09T18:46:27Z
Callie Douche,92,Douche,Female,$148759.76,2020-04-19T20:42:10Z
Siward Radclyffe,83,Radclyffe,Male,$184247.97,2020-04-03T02:55:06Z
Mathias Heggie,33,Heggie,Male,$495854.78,2020-12-26T14:26:53Z
Ulick Freegard,11,Freegard,Male,$67858.37,2020-07-25T11:34:28Z
Bradly Ingles,61,Ingles,Male,$211891.83,2020-02-16T22:18:53Z
Julie Bloxsome,13,Bloxsome,Male,$334055.43,2020-02-04T01:54:50Z
Granny Scarsbrook,5,Scarsbrook,Male,$486508.15,2020-03-25T02:04:23Z
Keelby Pleaden,32,Pleaden,Male,$314680.14,2020-11-18T20:43:46Z
Joela Peris,86,Peris,Female,$81792.44,2020-06-14T15:07:35Z
Noak Mawtus,42,Mawtus,Male,$444003.78,2020-03-30T04:38:31Z
Tallie Youd,98,Youd,Female,$301518.98,2020-09-23T19:19:04Z
Alix Dorian,81,Dorian,Female,$435738.68,2020-03-10T14:58:04Z
Dion Duiguid,12,Duiguid,Male,$64882.33,2020-02-18T17:05:12Z
Nichols Borland,62,Borland,Male,$68299.80,2020-11-01T19:38:24Z
Carissa Croughan,12,Croughan,Female,$212674.40,2020-08-14T20:27:14Z
Staford Harrill,77,Harrill,Male,$230976.34,2020-07-07T13:30:29Z
Samantha Wilshin,20,Wilshin,Female,$169247.47,2021-01-14T12:32:45Z
Reagen Island,35,Island,Male,$385502.70,2020-09-30T23:07:26Z
Frannie Sharpling,67,Sharpling,Female,$265717.60,2020-02-13T23:57:15Z
Christalle Ranken,51,Ranken,Female,$79413.03,2020-03-06T07:38:26Z
Karia MacAne,1,MacAne,Female,$452296.08,2020-03-24T20:25:38Z
Krishnah Upham,82,Upham,Male,$273235.10,2020-09-29T07:53:25Z
Emera Manssuer,91,Manssuer,Female,$274150.73,2020-04-21T21:16:21Z
Kirsti Chattington,89,Chattington,Female,$138711.98,2020-07-18T14:28:00Z
Harmonie Olek,87,Olek,Female,$396704.21,2020-12-16T19:35:34Z
Abbye Stife,76,Stife,Female,$492799.45,2020-12-27T05:45:40Z
Bamby Crake,54,Crake,Female,$113641.90,2020-01-31T20:11:24Z
Latrina Affuso,8,Affuso,Female,$422318.17,2020-07-28T09:26:11Z
Eustace Dungee,68,Dungee,Male,$277226.78,2020-03-28T19:55:41Z
Worthington Bilfoot,19,Bilfoot,Male,$34166.99,2020-05-06T03:47:28Z
Robena Grandisson,67,Grandisson,Female,$143163.73,2020-06-10T20:10:47Z
Judon Sharrem,98,Sharrem,Male,$367884.61,2020-09-27T08:29:55Z
Shannan Gerring,55,Gerring,Male,$20163.06,2020-11-14T05:00:06Z
Winfred Topliss,5,Topliss,Male,$43236.83,2020-11-15T12:37:07Z
Jamie Bogue,78,Bogue,Male,$265430.18,2020-03-25T13:02:58Z
Dennis Zorzi,10,Zorzi,Male,$84934.85,2020-07-14T02:06:47Z
Shawn Coveney,13,Coveney,Female,$330424.63,2020-01-22T02:19:48Z
Dehlia Heard,2,Heard,Female,$238207.24,2020-07-26T06:09:22Z
Pip Sloper,73,Sloper,Male,$254470.99,2020-05-13T06:59:07Z
Jenine Knill,1,Knill,Female,$452845.52,2020-03-04T11:57:21Z
Maxy McBayne,42,McBayne,Male,$387903.33,2020-11-30T20:36:34Z
Janeva McGerr,72,McGerr,Female,$304494.20,2020-02-27T22:22:27Z
Ignazio Hawkwood,99,Hawkwood,Male,$436477.89,2020-01-19T17:39:26Z
Gail Carletti,47,Carletti,Female,$254793.82,2020-06-16T03:32:54Z
Elroy Stokoe,57,Stokoe,Male,$460664.61,2020-06-15T14:25:41Z
Olivia Gracewood,24,Gracewood,Female,$141895.43,2020-07-01T09:10:41Z
Gavin Shevlan,53,Shevlan,Male,$92374.28,2020-01-20T15:21:03Z
Lillian Schnitter,51,Schnitter,Female,$307762.13,2020-08-27T03:14:01Z
Evonne Addis,99,Addis,Female,$295255.34,2020-06-06T07:05:51Z
Matthiew Rollin,2,Rollin,Male,$314102.64,2020-10-12T11:32:53Z
Calhoun Roubert,10,Roubert,Male,$303794.47,2020-05-18T13:57:45Z
Antoine Calbrathe,90,Calbrathe,Male,$462966.73,2020-12-19T18:37:39Z
Olvan Hansford,71,Hansford,Male,$439759.70,2020-03-06T15:54:45Z
Vivia Alti,99,Alti,Female,$392074.14,2020-08-31T19:17:20Z
Travus Paulitschke,68,Paulitschke,Male,$150914.61,2020-03-19T05:09:26Z
Aeriela Johann,5,Johann,Female,$297145.16,2020-09-13T01:40:42Z
Cassandre Wooller,64,Wooller,Female,$458330.86,2020-03-14T22:08:52Z
Emmaline Flicker,91,Flicker,Female,$205049.70,2020-11-28T16:56:54Z
Melli Harverson,8,Harverson,Female,$489207.31,2020-07-16T03:42:14Z
Joli Woakes,66,Woakes,Female,$174859.33,2020-08-19T22:38:04Z
Xaviera Dopson,38,Dopson,Female,$66894.42,2020-02-14T21:05:23Z
Hy Labell,2,Labell,Male,$151874.68,2020-10-16T00:02:30Z
Diego Extill,16,Extill,Male,$446297.64,2020-12-18T23:58:43Z
Mervin Nudde,17,Nudde,Male,$92810.75,2020-04-10T12:40:18Z
Deidre Farnorth,37,Farnorth,Female,$431841.41,2020-11-10T00:43:25Z
Winne Mapledorum,48,Mapledorum,Female,$393853.50,2020-07-05T21:06:11Z
Pennie Purrington,80,Purrington,Male,$162098.15,2020-03-21T15:40:15Z
Tracey Juszczak,91,Juszczak,Male,$333278.64,2020-05-04T18:19:56Z
Cecil Postans,86,Postans,Female,$17327.04,2020-03-23T22:24:55Z
Dunstan Margarson,4,Margarson,Male,$367126.18,2020-09-18T16:20:21Z
Sabine Begent,10,Begent,Female,$253508.01,2020-05-14T17:52:26Z
Barny Titterrell,5,Titterrell,Male,$321875.81,2020-10-09T08:42:19Z
Tammie Howles,97,Howles,Male,$447452.60,2020-09-20T00:14:46Z
Granger Bouttell,28,Bouttell,Male,$150152.21,2020-06-24T13:21:44Z
Tierney Lie,32,Lie,Female,$80240.38,2020-09-16T19:57:42Z
Lucien Bariball,72,Bariball,Male,$372500.00,2020-07-09T15:17:52Z
Reggie McCole,92,McCole,Female,$257941.51,2020-09-12T09:52:12Z
Jerry Josefowicz,66,Josefowicz,Male,$257101.66,2020-08-29T17:56:39Z
Chery Wingar,21,Wingar,Female,$281975.06,2020-08-29T18:48:08Z
Zeb Beneyto,63,Beneyto,Male,$78165.73,2020-06-23T18:16:25Z
Lynea Tewnion,35,Tewnion,Female,$480979.38,2020-08-30T02:50:35Z
Loren Denham,40,Denham,Male,$426738.27,2020-10-17T06:05:56Z
Alwyn Curd,35,Curd,Male,$43033.81,2020-11-25T15:22:22Z
Hiram Roads,18,Roads,Male,$3051.57,2020-10-05T08:56:09Z
Tomasine Bartalot,16,Bartalot,Female,$196894.04,2020-09-12T15:24:22Z
Keslie Depke,66,Depke,Female,$408923.07,2020-06-08T04:36:07Z
Donny Casaccio,65,Casaccio,Male,$443588.98,2020-03-08T21:46:27Z
Valaree Benezet,30,Benezet,Female,$99655.19,2020-12-30T19:41:17Z
Hamlin Gowler,12,Gowler,Male,$75654.50,2020-11-15T17:39:04Z
Irwinn Dury,84,Dury,Male,$180771.89,2020-07-17T20:23:22Z
Elke Keyhoe,49,Keyhoe,Female,$303426.22,2020-07-18T00:53:13Z
Vaughn Knuckles,75,Knuckles,Male,$143288.67,2020-04-05T18:34:56Z
Darline Nevitt,33,Nevitt,Female,$481547.39,2020-03-13T18:40:02Z
Rey Licciardi,83,Licciardi,Male,$139649.47,2020-11-25T08:30:41Z
Auria Lebarree,82,Lebarree,Female,$266929.18,2020-05-02T09:30:51Z
Andree Bengtsen,36,Bengtsen,Female,$281047.68,2020-05-13T09:27:07Z
Maible Jacop,96,Jacop,Female,$109900.77,2020-05-26T18:29:35Z
Ronnie Pettican,13,Pettican,Male,$114785.08,2020-06-14T09:10:10Z
Guss Quillinane,63,Quillinane,Male,$186954.17,2020-06-03T10:41:38Z
Karilynn Peerless,43,Peerless,Female,$111705.95,2020-12-26T00:53:37Z
Benni Lighterness,9,Lighterness,Female,$115752.40,2020-01-25T14:01:01Z
Patric Michell,59,Michell,Male,$328429.53,2020-10-22T02:34:52Z
Colan Petrolli,53,Petrolli,Male,$91911.67,2020-12-25T08:37:45Z
Darla Reitenbach,90,Reitenbach,Female,$125770.34,2020-03-20T07:28:35Z
Yuma Halling,94,Halling,Male,$94460.13,2020-05-10T08:46:21Z
Eadie Falcus,35,Falcus,Female,$246060.84,2020-07-12T14:13:13Z
Bordie Tabor,12,Tabor,Male,$380743.22,2020-03-12T11:33:41Z
Craggie Greenin,13,Greenin,Male,$443402.87,2020-05-19T03:41:03Z
Lexi Philimore,25,Philimore,Female,$61569.39,2020-07-23T22:17:48Z
Hilde Coie,55,Coie,Female,$1687.22,2020-10-02T12:52:53Z
Caresa Grenville,33,Grenville,Female,$221587.01,2020-11-05T22:01:14Z
Debra Ennor,91,Ennor,Female,$409313.85,2020-07-13T09:51:20Z
Sheffield Denkin,48,Denkin,Male,$41401.85,2020-01-16T18:26:24Z
Guillema Spinage,92,Spinage,Female,$204403.69,2020-12-26T07:31:22Z
Zorah Paddemore,25,Paddemore,Female,$1990.40,2020-07-09T20:43:59Z
Hamid Burrass,64,Burrass,Male,$263522.47,2020-03-13T05:04:36Z
Jobyna Doll,18,Doll,Female,$149635.93,2020-05-28T07:10:29Z
Nikita MacGowan,82,MacGowan,Male,$474298.37,2020-11-11T05:47:38Z
Genni Kerner,90,Kerner,Female,$495407.81,2020-05-30T17:36:42Z
Mella Naton,83,Naton,Female,$475245.65,2020-10-26T03:49:50Z
Rikki Younghusband,71,Younghusband,Male,$257618.51,2020-11-29T03:48:09Z
Freeland Arnoll,78,Arnoll,Male,$463769.77,2020-12-04T16:31:45Z
Tamra Dixson,7,Dixson,Female,$239897.14,2020-09-04T02:19:08Z
Morgan Pedder,26,Pedder,Female,$187558.26,2020-05-14T05:27:03Z
Klarika Cowern,28,Cowern,Female,$247061.34,2020-01-17T22:31:51Z
Lissa Mulliss,63,Mulliss,Female,$334734.46,2020-11-04T23:57:07Z
Rosmunda Pace,1,Pace,Female,$285973.95,2020-11-16T00:50:12Z
Marco Rothera,44,Rothera,Male,$164885.88,2020-08-08T02:38:50Z
Antin Puxley,17,Puxley,Male,$342719.29,2020-07-03T05:02:41Z
Warner Lambell,50,Lambell,Male,$53630.27,2020-02-28T21:42:39Z
Rubia Kruszelnicki,14,Kruszelnicki,Female,$118938.35,2020-06-27T21:03:49Z
Parrnell Chrichton,87,Chrichton,Male,$270514.34,2020-05-19T08:32:16Z
Jasun Hassard,1,Hassard,Male,$421597.22,2020-02-15T01:00:21Z
Chic Rawlin,44,Rawlin,Male,$108683.85,2020-04-13T12:47:29Z
Ambrosi Shafe,89,Shafe,Male,$447060.88,2020-03-12T23:24:18Z
Neron Frammingham,69,Frammingham,Male,$342244.81,2020-07-01T15:58:15Z
Josi Boldock,3,Boldock,Female,$489618.02,2020-09-26T03:21:26Z
Titus Limeburner,13,Limeburner,Male,$59847.92,2020-08-24T02:24:37Z
Brad Heeran,52,Heeran,Male,$397645.31,2020-05-06T07:19:11Z
Shirley Van Halen,57,Van Halen,Female,$17260.72,2020-03-21T06:39:26Z
Carine Quick,16,Quick,Female,$71012.32,2020-07-26T21:12:11Z
Bibi Lode,71,Lode,Female,$29598.22,2020-04-16T04:32:41Z
Esmaria Pedro,26,Pedro,Female,$187804.48,2020-03-18T04:28:37Z
Hatti Sillitoe,79,Sillitoe,Female,$18682.08,2020-07-15T23:00:33Z
Lindon Stroyan,17,Stroyan,Male,$377923.94,2020-09-12T00:19:09Z
Timofei Blakey,95,Blakey,Male,$142735.38,2020-11-08T20:55:37Z
Karlens Odom,57,Odom,Male,$371911.72,2020-05-10T02:21:48Z
Kellen Botten,92,Botten,Male,$326609.23,2020-05-29T02:41:36Z
Julio Keating,97,Keating,Male,$354628.80,2020-06-03T18:42:13Z
Noami Willowby,14,Willowby,Female,$170400.46,2021-01-04T13:27:00Z
Petronia Jefferies,2,Jefferies,Female,$334344.55,2020-09-01T22:03:49Z
Erasmus Monk,31,Monk,Male,$45258.93,2020-03-02T22:19:17Z
Renell Braddock,58,Braddock,Female,$237951.29,2020-11-19T06:55:51Z
Catharine Don,67,Don,Female,$411811.08,2020-07-23T10:21:08Z
Neville Charnick,12,Charnick,Male,$79044.89,2020-02-25T07:46:06Z
Bertie Millhouse,81,Millhouse,Female,$364893.41,2020-10-16T00:04:21Z
Brittani Gatecliff,79,Gatecliff,Female,$393795.70,2020-02-27T03:26:39Z
Waldemar Woodberry,36,Woodberry,Male,$432123.01,2020-01-15T07:22:49Z
Orlando Full,90,Full,Male,$102119.27,2020-12-28T02:18:59Z
Sonni Toller,66,Toller,Female,$433518.95,2021-01-08T21:38:46Z
Filberte Cleaves,82,Cleaves,Male,$396768.98,2020-04-10T20:31:01Z
Ingunna Bernet,88,Bernet,Female,$8960.31,2020-12-10T10:02:50Z
Avery Seymour,20,Seymour,Male,$192495.66,2020-06-17T20:08:00Z
Brook Balm,49,Balm,Female,$93226.79,2020-08-08T08:54:25Z
Mirilla Gibbard,88,Gibbard,Female,$367133.40,2020-08-17T12:36:52Z
Nessi Goacher,100,Goacher,Female,$165976.52,2020-11-22T17:02:02Z
Stephen Clapp,9,Clapp,Male,$34623.07,2020-09-03T05:25:33Z
Arin Ladley,87,Ladley,Male,$79470.01,2020-05-13T03:31:54Z
Cassondra Burgiss,58,Burgiss,Female,$102157.02,2020-03-29T19:56:42Z
Jackson Naile,1,Naile,Male,$34198.19,2020-05-10T18:10:50Z
Maje Neylan,73,Neylan,Male,$217197.78,2020-10-31T04:12:51Z
Roxanne Hiscoe,94,Hiscoe,Female,$417914.10,2020-08-01T13:47:52Z
Kitti Padberry,73,Padberry,Female,$212134.01,2020-12-31T11:13:13Z
Lorne Brandle,64,Brandle,Female,$199876.39,2020-02-23T09:15:10Z
Brice Rubinow,97,Rubinow,Male,$199468.80,2020-02-16T03:45:05Z
Nicoline Mion,23,Mion,Female,$121106.02,2020-06-12T23:14:37Z
Violet Eveque,39,Eveque,Female,$376289.59,2020-06-01T05:07:06Z
Hoebart Hackin,56,Hackin,Male,$71498.45,2020-10-12T21:29:42Z
Madison Worvell,67,Worvell,Male,$414224.53,2020-06-16T19:15:58Z
Maggie Voff,97,Voff,Female,$282505.41,2020-08-21T02:08:00Z
Karolina Tessington,100,Tessington,Female,$393514.19,2020-05-13T23:33:07Z
Ari Oganian,31,Oganian,Male,$219343.40,2020-12-15T14:00:09Z
Ivor Saph,83,Saph,Male,$424895.43,2020-07-23T03:52:42Z
Glynda Spinetti,76,Spinetti,Female,$185369.84,2020-04-13T18:04:17Z
Shandy Easum,25,Easum,Female,$361517.20,2020-02-06T18:20:31Z
Kimberlyn Housecraft,78,Housecraft,Female,$34267.24,2020-10-04T15:22:08Z
Anne-corinne Percival,47,Percival,Female,$198163.48,2020-06-21T05:45:46Z
Garrick Spore,26,Spore,Male,$466087.42,2020-07-13T05:29:27Z
Kennett Bigrigg,68,Bigrigg,Male,$197623.46,2020-03-08T23:39:06Z
Lilias Hebron,96,Hebron,Female,$225601.42,2020-11-03T12:36:41Z
Gabbie Snartt,91,Snartt,Female,$84906.24,2020-09-25T00:34:18Z
Malinde Whitcombe,94,Whitcombe,Female,$421996.37,2020-08-26T18:03:03Z
Horatio Arpino,68,Arpino,Male,$451742.58,2020-12-02T17:39:48Z
Karlis Bartolini,3,Bartolini,Male,$60220.76,2020-01-18T20:38:46Z
Esdras Oag,85,Oag,Male,$191481.74,2020-03-14T01:24:31Z
Georgeta Munsey,83,Munsey,Female,$406130.49,2020-02-02T23:32:38Z
Faulkner Kerfoot,100,Kerfoot,Male,$267199.50,2020-06-18T02:48:03Z
Callie Hynde,88,Hynde,Female,$227597.01,2020-09-26T18:35:23Z
Olly Skarin,49,Skarin,Male,$447666.65,2020-12-27T19:27:04Z
Kelsey Ewen,72,Ewen,Female,$261457.08,2020-05-20T07:35:13Z
Bard Ellery,67,Ellery,Male,$194384.90,2020-11-29T05:38:41Z
Car Goodger,68,Goodger,Male,$460325.31,2020-05-24T10:37:12Z
Christoforo Oats,26,Oats,Male,$220039.45,2020-06-11T19:08:37Z
Marlin Jadczak,47,Jadczak,Male,$324636.34,2020-05-17T22:42:30Z
Birgitta Bernard,78,Bernard,Female,$37890.14,2020-06-03T08:29:30Z
Leontyne Craigg,98,Craigg,Female,$317307.18,2020-12-31T19:53:08Z
Sabina Adam,100,Adam,Female,$148625.03,2020-01-28T13:08:20Z
Chris Bauldry,97,Bauldry,Female,$341123.43,2020-10-22T18:07:26Z
Darelle Caves,80,Caves,Female,$491129.38,2020-11-18T01:00:31Z
Drucy Allain,25,Allain,Female,$448925.64,2020-01-22T21:23:25Z
Tadeas Sterman,29,Sterman,Male,$329133.73,2020-03-07T18:20:44Z
Mischa Mixter,27,Mixter,Male,$173335.26,2020-08-20T00:11:18Z
Tove Kingett,1,Kingett,Female,$294559.66,2020-10-23T02:45:55Z
Eimile Hakes,14,Hakes,Female,$392047.49,2020-07-03T11:29:22Z
Raimondo Sellens,83,Sellens,Male,$100804.50,2020-08-31T05:30:23Z
Mikkel Kubicki,25,Kubicki,Male,$494068.47,2020-10-11T12:49:29Z
Gerrie Ander,80,Ander,Female,$123356.65,2020-11-02T09:26:16Z
Florri Fermin,19,Fermin,Female,$49111.17,2020-07-01T06:55:29Z
Reggie Hazleton,84,Hazleton,Male,$498919.84,2020-11-13T02:56:18Z
Kennedy Rebichon,56,Rebichon,Male,$100820.86,2020-01-17T05:16:00Z
Amie Vidloc,55,Vidloc,Female,$199208.48,2020-12-02T02:58:49Z
Hillery Peerman,79,Peerman,Male,$390817.59,2020-03-31T09:04:29Z
Flory Boice,35,Boice,Male,$140665.48,2020-07-13T05:19:39Z
Bel Sooper,18,Sooper,Female,$360381.34,2020-11-28T01:08:44Z
Alasdair Peirpoint,22,Peirpoint,Male,$408736.80,2020-03-23T00:42:00Z
Alexine Laughtisse,13,Laughtisse,Female,$106806.96,2020-04-28T19:11:51Z
Zed Harborow,61,Harborow,Male,$96187.18,2020-09-11T16:38:06Z
Zarah Wheelwright,46,Wheelwright,Female,$484924.66,2020-12-31T01:01:27Z
Dewain Leese,78,Leese,Male,$437735.37,2020-06-27T17:17:38Z
Olivier Ellingford,52,Ellingford,Male,$482541.47,2020-05-22T16:26:55Z
Temp Adamski,12,Adamski,Male,$479480.29,2020-11-27T21:17:51Z
Napoleon Byers,86,Byers,Male,$182219.82,2021-01-09T17:38:13Z
Tanner Kensy,64,Kensy,Male,$79374.12,2020-11-06T04:38:12Z
Hi Isacoff,54,Isacoff,Male,$12630.31,2020-06-10T19:26:03Z
Simone Guswell,26,Guswell,Male,$493566.81,2020-07-05T04:41:26Z
Josie Pidgen,27,Pidgen,Female,$11533.11,2020-03-19T18:14:23Z
Pavla Goolden,3,Goolden,Female,$259957.14,2020-02-21T10:34:44Z
Vic Meni,18,Meni,Male,$26668.61,2020-12-08T12:27:50Z
Evelyn Underwood,67,Underwood,Male,$335581.45,2020-11-19T23:32:25Z
Haven Janoch,19,Janoch,Male,$207344.46,2020-03-23T11:58:23Z
Kalina Futter,65,Futter,Female,$157017.61,2020-05-24T08:55:04Z
Ivette Pipkin,40,Pipkin,Female,$206093.13,2020-10-07T23:06:21Z
Frannie Simonou,37,Simonou,Female,$362146.41,2020-02-15T07:55:17Z
Suellen Jecock,99,Jecock,Female,$23952.71,2020-08-04T10:12:13Z
Cornelius Waszczykowski,11,Waszczykowski,Male,$165717.02,2020-08-01T16:21:35Z
Ruprecht Skottle,86,Skottle,Male,$420435.99,2020-09-22T00:38:01Z
Charil Donet,93,Donet,Female,$93450.20,2020-08-13T15:05:52Z
Heather Nann,91,Nann,Female,$320043.84,2020-08-12T22:01:21Z
Waverly Worsnap,68,Worsnap,Male,$228020.74,2020-09-06T16:37:17Z
Krystalle Dewis,60,Dewis,Female,$428419.80,2020-03-03T20:48:32Z
Blair Newart,46,Newart,Male,$178458.94,2020-03-23T06:28:53Z
Natasha McCerery,48,McCerery,Female,$298650.82,2020-02-07T00:59:03Z
Mable Dorracott,75,Dorracott,Female,$127452.84,2020-09-27T09:08:20Z
Gerrie McConville,11,McConville,Female,$197745.20,2020-06-07T10:46:47Z
Chris Ballefant,36,Ballefant,Female,$375168.75,2020-02-11T14:47:50Z
Dalila Vaughn,14,Vaughn,Female,$39309.77,2020-05-14T02:52:17Z
Petronilla Oleshunin,62,Oleshunin,Female,$160422.97,2020-07-26T05:50:28Z
Gabriele Guirardin,11,Guirardin,Male,$54483.28,2020-07-20T22:39:51Z
Phelia Marcu,22,Marcu,Female,$369185.46,2020-08-30T16:16:16Z
Rob Nias,9,Nias,Male,$383769.21,2020-10-06T00:24:14Z
Jobyna Currey,34,Currey,Female,$49050.24,2020-12-04T04:15:17Z
Amby Paxeford,76,Paxeford,Male,$77745.50,2020-10-06T12:15:44Z
Lincoln Matejovsky,87,Matejovsky,Male,$413991.99,2020-09-27T11:01:34Z
Dur Livingstone,100,Livingstone,Male,$140569.16,2020-08-13T07:47:54Z
Flem Brazil,73,Brazil,Male,$340546.83,2020-05-13T11:25:50Z
Ewen Gascone,61,Gascone,Male,$183908.95,2020-09-14T00:24:45Z
Estevan Pipet,90,Pipet,Male,$488841.13,2020-08-04T16:07:54Z
Margarete Athey,78,Athey,Female,$219795.50,2020-12-18T01:42:22Z
Corri Filmer,86,Filmer,Female,$270562.36,2020-11-10T08:06:45Z
Terri Garbett,35,Garbett,Male,$361672.91,2020-07-24T12:55:17Z
Emalia Millberg,45,Millberg,Female,$230588.67,2020-06-19T21:23:14Z
Philippine Itzchaki,74,Itzchaki,Female,$457624.90,2020-05-24T21:40:26Z
Aeriela Callaby,46,Callaby,Female,$410451.59,2020-09-21T07:09:55Z
Arda Matushenko,81,Matushenko,Female,$314347.45,2020-06-27T14:05:56Z
Anna-diana Tadgell,6,Tadgell,Female,$399762.21,2020-09-18T03:05:10Z
Virge Broxup,72,Broxup,Male,$356550.17,2020-06-29T19:11:51Z
Burnard Chinnock,15,Chinnock,Male,$37665.14,2020-02-15T04:28:47Z
Gaile Jump,47,Jump,Male,$127726.56,2020-02-16T06:53:09Z
Cointon Littrick,75,Littrick,Male,$469998.23,2020-07-29T20:22:38Z
Kip Frew,59,Frew,Male,$44071.21,2020-03-30T20:06:49Z
Caril Swainger,54,Swainger,Female,$249522.35,2020-08-26T17:41:41Z
Johny Randerson,41,Randerson,Male,$462109.95,2020-02-09T07:15:55Z
Gussy Youd,72,Youd,Female,$120402.13,2020-07-03T05:40:39Z
Codee MacKeig,1,MacKeig,Female,$380009.22,2020-06-22T08:45:05Z
Giustina Skalls,43,Skalls,Female,$421334.89,2020-09-25T23:37:02Z
Mayer Mehew,81,Mehew,Male,$51036.81,2020-07-31T12:00:35Z
Katinka Velareal,1,Velareal,Female,$159106.43,2020-10-15T21:14:51Z
Trista Raffels,74,Raffels,Female,$313845.62,2020-03-05T06:02:13Z
Karil Ilott,43,Ilott,Female,$38953.82,2020-09-26T22:55:34Z
Eolande Kohtler,5,Kohtler,Female,$247479.07,2020-12-30T08:52:10Z
Lombard Cullen,25,Cullen,Male,$325562.51,2020-09-06T10:30:52Z
Florinda Borleace,2,Borleace,Female,$303309.80,2020-04-14T17:39:37Z
Brittne Suddell,20,Suddell,Female,$302734.04,2021-01-11T03:28:33Z
Shurlocke Dignon,26,Dignon,Male,$216112.44,2020-08-21T09:14:05Z
Hendrick Juhruke,55,Juhruke,Male,$405390.69,2020-12-04T20:46:08Z
Martainn Gosland,91,Gosland,Male,$64464.66,2020-05-12T18:32:59Z
Renard Hastelow,57,Hastelow,Male,$85963.83,2021-01-05T11:14:33Z
Denis Schubuser,29,Schubuser,Male,$6154.69,2020-09-01T03:22:47Z
Tybie Wyles,26,Wyles,Female,$28841.24,2020-01-30T07:57:24Z
Felic Miroy,47,Miroy,Male,$381199.04,2020-12-08T19:18:02Z
Jacklyn Fautly,11,Fautly,Female,$274969.49,2020-02-13T01:19:50Z
Gardner Skace,12,Skace,Male,$227828.49,2020-12-28T16:46:25Z
Isidora Deabill,5,Deabill,Female,$243220.34,2020-09-29T00:56:07Z
Rad Filoniere,85,Filoniere,Male,$25261.66,2020-10-09T19:01:59Z
Shelton Pattle,38,Pattle,Male,$55612.06,2020-02-10T08:26:05Z
Latrina Quarles,53,Quarles,Female,$61242.50,2020-12-22T06:53:49Z
Gauthier Ussher,27,Ussher,Male,$195073.25,2020-05-20T17:28:34Z
Netta Egdal,23,Egdal,Female,$390455.32,2020-08-14T22:28:48Z
Griffith Ridge,22,Ridge,Male,$458152.77,2020-01-29T17:00:35Z
Sly Bardwell,67,Bardwell,Male,$471374.28,2020-12-22T07:04:00Z
Shanon Demageard,9,Demageard,Female,$311405.15,2020-07-28T07:12:34Z
Wyndham Magenny,58,Magenny,Male,$281227.27,2020-10-20T22:26:20Z
Michail Dixey,85,Dixey,Male,$87806.82,2020-02-24T08:27:20Z
Major Suggett,97,Suggett,Male,$319425.91,2020-05-17T18:11:55Z
Nancee Gilding,82,Gilding,Female,$192451.61,2020-03-13T07:12:00Z
Alicia Renvoise,65,Renvoise,Female,$442055.83,2020-08-24T04:41:06Z
Priscella Antoinet,79,Antoinet,Female,$476955.23,2020-11-21T22:48:13Z
Michel Redan,34,Redan,Male,$453341.58,2020-06-28T18:37:37Z
Candice Hamill,44,Hamill,Female,$339588.33,2020-09-25T12:33:17Z
Tobye Rooms,23,Rooms,Female,$429098.76,2020-09-04T00:42:07Z
Cassey Boyen,20,Boyen,Female,$296737.63,2020-08-09T15:39:19Z
Pierrette Shortcliffe,47,Shortcliffe,Female,$223697.58,2020-06-07T11:56:01Z
Estele Allbones,75,Allbones,Female,$369140.62,2020-10-14T13:28:57Z
Sissie Fordham,26,Fordham,Female,$493882.40,2020-08-30T17:00:19Z
Lorelle Norgan,86,Norgan,Female,$49600.33,2020-12-10T11:03:59Z
Tirrell Porker,36,Porker,Male,$118747.18,2020-09-22T11:55:25Z
Benoit Portinari,10,Portinari,Male,$137633.09,2020-03-24T15:58:56Z
Elsworth Rubinsztein,12,Rubinsztein,Male,$20849.99,2020-12-25T18:49:13Z
Rabi Kondrat,56,Kondrat,Male,$201957.50,2020-07-03T18:34:38Z
Leela Christene,29,Christene,Female,$148059.67,2020-06-12T13:51:07Z
Venus Pencost,62,Pencost,Female,$104518.72,2020-02-13T19:43:05Z
Ivar Biggs,26,Biggs,Male,$247961.07,2020-05-11T04:01:14Z
Daffy Davenhall,100,Davenhall,Female,$351548.95,2020-04-25T18:59:25Z
Chet Gerssam,32,Gerssam,Male,$146835.67,2020-08-05T04:35:59Z
Stanley Ubsdall,81,Ubsdall,Male,$493979.98,2020-10-07T07:02:25Z
Gayle Crompton,44,Crompton,Male,$54170.16,2020-12-29T10:13:31Z
Sydney McPhilemy,64,McPhilemy,Female,$83485.36,2020-11-30T19:26:34Z
Ashley Drewitt,38,Drewitt,Male,$42755.57,2021-01-10T02:56:42Z
Tad Tuison,49,Tuison,Male,$165274.16,2020-04-01T03:40:38Z
Tobiah Fawthorpe,38,Fawthorpe,Male,$404991.20,2020-12-18T12:42:55Z
Ganny Fraczek,93,Fraczek,Male,$119073.71,2020-08-20T20:11:12Z
Dicky Beauman,29,Beauman,Male,$100478.57,2020-12-01T22:53:25Z
Kathe Springthorpe,37,Springthorpe,Female,$337066.67,2020-01-30T15:26:10Z
Jeddy Tessington,6,Tessington,Male,$473621.57,2020-01-24T15:47:40Z
Brynn Tremoille,99,Tremoille,Female,$424582.09,2020-03-26T04:28:02Z
Maitilde Chataignier,10,Chataignier,Female,$403869.13,2020-06-27T20:21:02Z
Tamra Wrightson,69,Wrightson,Female,$424511.41,2020-11-28T23:32:26Z
Paloma Coorington,86,Coorington,Female,$97578.86,2020-11-09T14:53:27Z
Tildi Pinnijar,57,Pinnijar,Female,$122400.69,2020-06-02T22:05:11Z
Sanson Campion,12,Campion,Male,$482729.79,2020-12-09T04:36:01Z
Bron Radborne,3,Radborne,Male,$21452.99,2020-02-19T02:39:06Z
Lorilyn Pideon,54,Pideon,Female,$187640.17,2020-09-09T03:34:32Z
